year,name,id,delegates,percent_of_delegates,popular_vote,did_dropout,weighted_page_rank_jan,page_rank_jan,donor_funds_jan,PAC_funds_jan,total_funds_jan,closeness_centrality_jan,page_rank_feb,donor_funds_feb,PAC_funds_feb,total_funds_feb,closeness_centrality_feb,page_rank_mar,donor_funds_mar,PAC_funds_mar,total_funds_mar,closeness_centrality_marweighted_page_rank_jan,pacs_contributing_jan,direct_individual_donors_jan,all_individual_donors_jan,pac_n_clique_overlap_jan,all_n_clique_overlap_jan,community_size_jan,pacs_in_community_jan,year,party,name,id,delegates,percent_of_delegates,popular_vote,weighted_page_rank_feb,pacs_contributing_feb,direct_individual_donors_feb,all_individual_donors_feb,pac_n_clique_overlap_feb,all_n_clique_overlap_feb,community_size_feb,pacs_in_community_feb,weighted_page_rank_mar,pacs_contributing_mar,direct_individual_donors_mar,all_individual_donors_mar,pac_n_clique_overlap_mar,all_n_clique_overlap_mar,community_size_mar,pacs_in_community_mar,weighted_page_rank_nov,pacs_contributing_nov,direct_individual_donors_nov,all_individual_donors_nov,pac_n_clique_overlap_nov,all_n_clique_overlap_nov,community_size_nov,pacs_in_community_nov
1980,Jimmy Carter,C00129445,2123,0.647453492,51.13,0,0.004219158,0.00425988,0,282948,282948,0.315797,0.00403294,0,332607,332607,0.317832,0.0047731,0,390237,390237,0.3194310.00421915777147,166,3,5158,0.0327,0.1527,15879,1183,1980,d,Jimmy Carter,C00129445,2123,0.647453491918,51.13,0.00429992321724,192,6,5802,0.0331,0.1503,18473,1320,0.00378139026916,221,8,6531,0.0362,0.1531,22341,1468,0.00320372609484,102,2,3245,0.0187,0.0728,13334,1183
1980,Ted Kennedy,C00115022,1151,0.351021653,37.58,0,0.006888485,0.00628027,2047309,1315282,3362591,0.331899,0.00689849,2413608,1407348,3820956,0.334493,0.00736084,2809478,1692914,4502392,0.336430.00688848466035,36,3547,5634,0.0262,0.1818,16989,746,1980,d,Ted Kennedy,C00115022,1151,0.351021652943,37.58,0.00788927414784,50,4141,6907,0.0275,0.1853,18225,745,0.00878109137979,66,4903,8204,0.0281,0.1783,19569,733,0.00101917656392,4,425,1041,0.0077,0.0489,2979,54
1980,Jerry Brown,C00253914,1,0.000304971,2.93,0,0.00012079,9.78E-05,0,14096,14096,0.283178,0.000138319,0,18096,18096,0.285036,0.000303515,0,19646,19646,0.2960690.000120790371444,6,1,414,0.0216,0.1602,15879,1183,1980,d,Jerry Brown,C00253914,1,0.000304971027752,2.93,0.000150418535341,7,1,433,0.0201,0.1536,18473,1320,0.000134028446908,9,1,517,0.0216,0.1418,22341,1468,0.000283272699061,5,0,299,0.0202,0.0794,13334,1183
1980,Lyndon LaRouche,C00364091,0,0,0.91,1,NA,1.80E-06,0,0,0,0.255724,1.65E-06,0,0,0,0.255437,1.48E-06,0,0,0,0.255485NA,0,0,0,0,0,0,0,1980,d,Lyndon LaRouche,C00364091,0,0.0,0.91,NA,0,0,0,0.0,0.0,0,0,NA,0,0,0,0.0,0.0,0,0,NA,0,0,0,0.0,0.0,0,0
1980,Richard B Kay,C00111492,0,0,0.25,1,4.26E-06,3.33E-06,9630,0,9630,1,3.05E-06,9630,0,9630,1,2.74E-06,9630,0,9630,1.43E-05,0,1,1,0,0,2,1,1980,d,Richard B Kay,C00111492,0,0.0,0.25,4.02861924091e-06,0,1,1,0.0,0.0,2,1,3.79602440698e-06,0,1,1,0.0,0.0,2,1,5.79343141259e-06,0,1,1,0.0,0.0,2,1
1980,Cliff Finch,C00120915,4,0.001219884,0.25,0,NA,1.80E-06,0,0,0,0.255724,1.65E-06,0,0,0,0.255437,1.48E-06,0,20000,20000,0.32055NA,0,0,0,0,0,0,0,1980,d,Cliff Finch,C00120915,4,0.00121988411101,0.25,NA,0,0,0,0.0,0.0,0,0,1.9839655008e-06,0,0,0,0.0,0.0,19569,733,NA,0,0,0,0.0,0.0,0,0
1980,Ronald Reagan,C00186312,1,0.037037037,59.79,0,0.000257993,1.52E-03,0,117665,117665,0.300744,0.00167518,0,179043,179043,0.303434,0.00162204,0,292839,292839,0.3074320.000257992523628,35,1,1972,0.1243,0.3045,4408,174,1980,r,Ronald Reagan,C00186312,1,0.037037037037,59.79,0.00038164944249,45,3,2348,0.1304,0.3225,18473,1320,0.000380067280846,53,3,2949,0.1305,0.3241,22341,1468,0.000250765270632,22,1,1262,0.1522,0.3177,13334,1183
1980,George H.W. Bush,C00273516,2,0.074074074,23.81,0,0.002057899,2.03E-03,0,51983,51983,0.303613,0.00202014,0,69143,69143,0.305954,0.00232124,0,122620,122620,0.3125770.00205789919647,65,0,2472,0.1404,0.3484,6944,59,1980,r,George H.W. Bush,C00273516,2,0.0740740740741,23.81,0.00222427320463,79,0,2950,0.1436,0.351,18473,1320,0.0021660641056,103,1,4210,0.1485,0.3616,22341,1468,0.00275768620406,49,0,1833,0.1535,0.3336,4998,40
1980,John Anderson,C00126417,3,0.111111111,12.19,0,0.000161619,3.44E-04,0,18193,18193,0.294718,0.000332986,0,18493,18493,0.295097,0.000354503,1000,65766,66766,0.2982590.000161618911337,18,0,913,0.1234,0.3106,16989,746,1980,r,John Anderson,C00126417,3,0.111111111111,12.19,0.000169348817754,20,0,943,0.1113,0.2906,18473,1320,0.000136691318426,24,2,1183,0.1051,0.3013,3394,76,0.000167081379647,15,0,681,0.1341,0.3166,1280,39
1980,Howard Baker,C00107466,4,0.148148148,1.41,1,0.007136903,0.0068863,1666465,727070,2393535,0.335612,0.00702796,1850721,1159340,3010061,0.337874,0.0066613,2064306,1813574,3877880,0.3385440.00713690278318,58,3567,6230,0.0741,0.3534,16989,746,1980,r,Howard Baker,C00107466,4,0.148148148148,1.41,0.00745712840631,87,3865,7460,0.081,0.3537,18225,745,0.00758513933605,98,4227,8321,0.0958,0.3692,19569,733,0.00531012888644,36,2057,3890,0.0856,0.3453,10565,717
1980,Phil Crane,C00100834,5,0.185185185,0.76,1,0.001540904,0.00181597,353942,36049,389991,0.324158,0.00177705,385267,46049,431316,0.324672,0.0015934,405272,46049,451321,0.3255860.00154090412537,15,870,1547,0.0378,0.2879,4408,174,1980,r,Phil Crane,C00100834,5,0.185185185185,0.76,0.00158647311093,15,938,1648,0.0421,0.2812,4482,178,0.00153491664801,15,961,1731,0.0417,0.2784,4629,179,0.00189803397332,14,782,1344,0.0387,0.2922,2456,101
1980,John Connally,C00107318,6,0.222222222,0.53,1,0.027116729,0.0227358,7212564,430325,7642889,0.361834,0.021593,7630130,544754,8174884,0.362016,0.0206514,8252618,1166044,9418662,0.36130.027116728771,149,11828,16423,0.0526,0.2854,11398,47,1980,r,John Connally,C00107318,6,0.222222222222,0.53,0.0279107255317,157,12480,17747,0.054,0.2931,11706,45,0.0245706153401,171,13380,19109,0.0617,0.3134,13313,79,0.0262590275422,127,7766,11145,0.0582,0.2585,7944,59
1980,Ben Fernandez,C00212480,6,0.222222222,0.2,1,6.26E-05,6.61E-05,0,2175,2175,0.267338,6.03E-05,0,2175,2175,0.267616,4.56E-05,0,2175,2175,0.2718866.25510609952e-05,2,0,139,0.0339,0.0942,1916,35,1980,r,Ben Fernandez,C00212480,6,0.222222222222,0.2,6.61716677621e-05,2,0,143,0.0325,0.0907,18473,1320,4.07224734662e-05,2,0,148,0.0289,0.0881,22341,1468,8.7812460442e-05,2,0,117,0.0183,0.0687,4998,40
1980,Harold Stassen,C00108639,0,0,0.2,1,1.20E-05,1.95E-05,12502,100,12602,0.273719,8.60E-05,12502,650,13152,0.325539,0.000114307,12502,750,13252,0.3267271.20109859015e-05,1,6,49,0.0077,0.0406,814,15,1980,r,Harold Stassen,C00108639,0,0.0,0.2,1.15655147287e-05,1,6,49,0.0071,0.0371,1103,18,1.0895238011e-05,1,6,51,0.0066,0.0359,3394,76,1.77301392411e-05,1,6,46,0.0087,0.0445,6,1
1984,Walter Mondale,C00186296,2191,0.56454522,56.41,0,0.000435077,2.72E-03,0,89826,89826,0.308454,0.00248043,0,138057,138057,0.308252,0.00246045,0,352480,352480,0.3146030.000435077183366,52,7,1033,0.0582,0.1821,16767,2495,1984,d,Walter Mondale,C00186296,2191,0.564545220304,56.41,0.000430902111185,55,17,1148,0.0615,0.2066,18306,2566,0.000510328119009,66,22,1932,0.0574,0.2065,299,20,0.00029735043219,32,2,470,0.0443,0.1503,13792,2399
1984,Gary Hart,C00214452,1201,0.309456326,30.92,0,0.000125323,9.45E-05,0,2550,2550,0.291817,9.09E-05,0,2550,2550,0.291092,7.13E-05,0,2550,2550,0.2899160.000125322522696,5,0,307,0.0544,0.1952,16767,2495,1984,d,Gary Hart,C00214452,1201,0.309456325689,30.92,0.000122247767593,5,0,340,0.0526,0.1761,18306,2566,0.00012005021145,5,0,376,0.0464,0.1666,20316,2665,8.31156506832e-05,5,0,164,0.0399,0.1602,13792,2399
1984,Jesse Jackson,C00217893,466,0.120072146,12,0,0.000287738,1.27E-04,0,2980,2980,0.247324,0.000188342,0,5980,5980,0.28324,0.00018453,0,10080,10080,0.2942040.000287737761591,7,0,229,0.0446,0.1415,227,14,1984,d,Jesse Jackson,C00217893,466,0.120072146354,12,0.000151659444918,10,0,309,0.0479,0.1622,507,25,0.000165656296077,12,0,358,0.0437,0.1642,619,24,1.9583788363e-05,3,0,12,0.0007,0.0031,15,5
1984,Thomas Eagleton,C00029488,18,0.00463798,0.46,1,0.017137103,8.33E-06,0,0,0,0.212625,7.78E-06,0,0,0,0.212381,7.05E-06,0,0,0,0.2129280.0171371026312,186,4553,6414,0.197,0.3265,4401,64,1984,d,Thomas Eagleton,C00164855,18,0.00463797990209,0.46,0.0159834326002,196,4735,7363,0.1996,0.3328,4859,56,0.0144860136697,200,4943,8076,0.2027,0.3363,15130,231,0.0192871000562,161,3614,5089,0.19,0.2952,3655,58
1984,John Glenn,C00164855,2,0.000515331,0.05,1,0.017137103,0.0127024,3743780,1019166,4762946,0.339924,0.0119351,3889955,1494866,5384821,0.342052,0.0108851,4055046,3905031,7960077,0.3422930.0171371026312,186,4553,6414,0.197,0.3265,4401,64,1984,d,John Glenn,C00164855,2,0.000515331100232,0.05,0.0159834326002,196,4735,7363,0.1996,0.3328,4859,56,0.0144860136697,200,4943,8076,0.2027,0.3363,15130,231,0.0192871000562,161,3614,5089,0.19,0.2952,3655,58
1984,George McGovern,C00170407,2,0.000515331,0.1,1,0.000214284,0.000135329,42500,30925,73425,0.241551,0.000126129,44500,46979,91479,0.244674,0.000132121,53750,221979,275729,0.2862470.000214283811563,3,53,98,0.0085,0.0251,939,64,1984,d,George McGovern,C00170407,2,0.000515331100232,0.1,0.000201318980164,3,57,105,0.0086,0.0259,1799,79,0.000210674403886,4,70,134,0.0103,0.0368,15130,231,8.26376982839e-05,1,21,22,0.0002,0.0,828,52
1984,Martha Kirkland,C00159392,1,0.000257666,0.03,1,0.004740411,0.00361849,1131260,2336227,3467487,0.326981,0.00355311,1239810,3507656,4747466,0.326854,0.00340221,1313860,3561607,4875467,0.3270460.00474041058738,90,1363,2825,0.0513,0.1953,11129,190,1984,d,Martha Kirkland,C00159392,1,0.000257665550116,0.03,0.00465513408787,92,1498,3075,0.0561,0.2094,10352,194,0.0043852609857,98,1605,3464,0.0541,0.2088,15130,231,0.00471309093517,79,1001,2152,0.0429,0.1591,8436,190
1984,Ronald Reagan,C00186312,2231,0.999104344,97.78,0,0.000205199,6.74E-04,0,482668,482668,0.302434,0.0008462,0,645288,645288,0.314146,0.00161022,0,1267070,1267070,0.3183290.000205199458329,44,0,1935,0,0,16767,2495,1984,r,Ronald Reagan,C00186312,2231,0.999104343932,97.78,0.000276065879257,62,0,2167,0.0,0.0,3002,78,0.000444418434229,98,1,2839,0.0,0.0,20316,2665,0.000274441397543,21,0,918,0.0,0.0,2069,144
1984,Harold Stassen,C00218909,2,0.000895656,0.19,0,NA,2.68E-06,0,0,0,0.526316,2.45E-06,0,0,0,0.526316,2.18E-06,0,0,0,0.526316NA,0,0,0,0,0,0,0,1984,r,Harold Stassen,C00218909,2,0.00089565606807,0.19,NA,0,0,0,0.0,0.0,0,0,NA,0,0,0,0.0,0.0,0,0,NA,0,0,0,0.0,0.0,0,0
1988,Michael Dukakis,C00227629,2877,0.701536211,67.9,0,0.00025855,1.44E-03,0,32167,32167,0.286828,0.00135503,0,48117,48117,0.29721,0.00125568,0,101576,101576,0.3019380.000258550488531,20,1,509,0.0488,0.1124,19481,2433,1988,d,Michael Dukakis,C00227629,2877,0.70153621068,67.9,0.0003191598796,23,1,940,0.0712,0.1504,20839,2465,0.000307913641952,24,5,1039,0.0743,0.1631,23027,2564,0.000101543369535,14,0,241,0.0189,0.0639,2587,90
1988,Jesse Jackson,C00217893,1219,0.297244574,29.34,0,0.001186325,0.000926611,379828,131994,511822,0.314604,0.00111256,478817,205740,684557,0.315243,0.00131263,594962,843065,1438027,0.3183330.00118632483661,26,487,1468,0.0672,0.1514,478,9,1988,d,Jesse Jackson,C00217893,1219,0.297244574494,29.34,0.00138456650355,32,626,1709,0.0669,0.1623,642,15,0.00158503023163,46,763,2037,0.0684,0.1744,16715,163,0.00126304417921,16,451,1086,0.0289,0.1094,1128,40
1988,Al Gore,C00360982,0,0,13.49,0,0.000982849,9.64E-04,0,193785,193785,0.313321,0.000940733,0,208285,208285,0.31302,0.00105339,0,250747,250747,0.3159720.000982848548608,107,0,2217,0.0767,0.1272,19481,2433,1988,d,Al Gore,C00360982,0,0.0,13.49,0.000928529636604,115,0,2346,0.075,0.1264,20839,2465,0.00093371602607,133,0,2726,0.0775,0.1371,23027,2564,0.000846029240457,83,0,1218,0.0408,0.0693,15846,2461
1988,Dick Gephardt,C00384123,2,0.000487686,6.14,1,0.001369745,1.64E-03,0,334122,334122,0.324105,0.00162097,0,366610,366610,0.324627,0.0017932,0,489867,489867,0.3266620.00136974543746,205,0,4569,0.0709,0.1077,19481,2433,1988,d,Dick Gephardt,C00384123,2,0.000487685930261,6.14,0.00144651666518,221,0,4952,0.0753,0.1238,20839,2465,0.00187783405511,264,0,6155,0.0732,0.1263,23027,2564,0.00145111757631,166,0,3088,0.0458,0.0847,15846,2461
1988,Paul Simon,C00168807,0,0,4.68,0,8.37E-05,1.05E-04,44000,20700,64700,0.296554,0.000103031,44000,24700,68700,0.298127,9.95E-05,44000,25322,69322,0.3005538.36873590171e-05,13,45,780,0.0254,0.0791,1420,30,1988,d,Paul Simon,C00168807,0,0.0,4.68,7.83758393016e-05,14,45,816,0.0256,0.0769,733,10,7.82118741632e-05,15,45,935,0.0328,0.1047,735,16,9.77610087865e-05,12,43,569,0.0231,0.0541,1256,20
1988,Gary Hart,C00214452,1,0.000243843,1.65,1,0.002562475,0.00177248,1275583,39054,1314637,0.306444,0.00167955,1300258,39159,1339417,0.305678,0.00153843,1308705,42602,1351307,0.3096480.00256247522849,5,1483,1613,0.0094,0.0368,1297,5,1988,d,Gary Hart,C00214452,1,0.00024384296513,1.65,0.00239635724711,6,1507,1676,0.0141,0.0348,1387,9,0.00216765275197,7,1512,1736,0.0194,0.0398,2426,58,0.00307269068559,5,1472,1589,0.0077,0.0247,1510,12
1988,Bruce Babbitt,C00213017,0,0,0.36,1,0.002448044,0.00157112,1225225,536186,1761411,0.312472,0.00164115,1372175,1316186,2688361,0.315014,0.00171941,1449225,1531302,2980527,0.3171360.00244804366395,10,1336,2269,0.0394,0.1174,11401,130,1988,d,Bruce Babbitt,C00213017,0,0.0,0.36,0.00254937834613,10,1522,2472,0.0393,0.1304,14500,124,0.00243726933304,12,1622,2642,0.0431,0.1438,16715,163,0.00251255538432,4,1119,1718,0.0183,0.084,5641,159
1988,Jim Traficant,C00218941,0,0,0.13,1,4.46E-05,3.61E-05,11502,2500,14002,0.244488,3.60E-05,14422,2500,16922,0.247184,4.08E-05,17922,2540,20462,0.2619164.46278078258e-05,2,19,35,0.0057,0.0395,19,1,1988,d,Jim Traficant,C00218941,0,0.0,0.13,4.25567270545e-05,2,20,36,0.0051,0.0356,1249,20,4.59569534333e-05,3,25,44,0.0049,0.0279,3418,129,4.11905682378e-05,1,16,17,0.0,0.0,825,28
1988,Joe Biden,C00431916,2,0.000487686,0,1,0.000999452,4.23E-04,0,14799,14799,0.282026,0.000393631,0,16444,16444,0.28219,0.00036,0,16444,16444,0.2823550.000999452015796,7,0,390,0.0303,0.0938,19481,2433,1988,d,Joe Biden,C00431916,2,0.000487685930261,0,0.000922714497265,7,0,395,0.042,0.1044,14500,124,0.000831912278972,7,0,420,0.0424,0.1098,16715,163,0.00114878251092,6,0,368,0.0314,0.0887,2587,90
1988,Lyndon LaRouche,C00364091,0,0,0.32,1,NA,1.44E-06,0,0,0,0.247732,0.0005275,0,2000,2000,0.203928,0.000579401,0,5000,5000,0.204331NA,0,0,0,0,0,0,0,1988,d,Lyndon LaRouche,C00364091,0,0.0,0.32,0.000960806879433,1,0,17,0.0,0.0,988,4,0.000397555942799,1,0,21,0.0,0.0,1174,4,NA,0,0,0,0.0,0.0,0,0
1988,David Duke,C00256735,0,0,0.19,1,NA,1.44E-06,0,0,0,0.247732,1.34E-06,0,0,0,0.247467,1.23E-06,0,0,0,0.249342NA,0,0,0,0,0,0,0,1988,d,David Duke,C00256735,0,0.0,0.19,NA,0,0,0,0.0,0.0,0,0,NA,0,0,0,0.0,0.0,0,0,NA,0,0,0,0.0,0.0,0,0
1988,George H.W. Bush,C00273516,0,NA,67.9,0,0.003957482,3.56E-03,0,651444,651444,0.319961,0.00338115,0,690519,690519,0.319394,0.00323058,0,750971,750971,0.3207320.00395748235917,255,0,3042,0.1049,0.1175,19481,2433,1988,r,George H.W. Bush,C00273516,NA,NA,67.9,0.00358462251346,265,0,3284,0.1073,0.1253,20839,2465,0.0032565782684,280,1,3858,0.1106,0.1393,23027,2564,0.00461455913307,208,0,1999,0.0899,0.082,15846,2461
1988,Bob Dole,C00317743,0,NA,19.19,1,0.005119053,2.67E-03,0,872721,872721,0.314135,0.00274443,0,999099,999099,0.315384,0.00264454,0,1101345,1101345,0.3153010.00511905321204,277,0,3706,0.0904,0.1119,9665,153,1988,r,Bob Dole,C00317743,NA,NA,19.19,0.00500584766125,295,1,4202,0.0947,0.1189,10383,166,0.00455060074313,311,1,4436,0.1018,0.134,11324,182,0.00439514752948,190,0,1869,0.0884,0.0856,6402,125
1988,Pat Robertson,C00218214,0,NA,9.02,0,0.004118041,0.00253419,1885291,1677550,3562841,0.294111,0.00259268,2078031,8718484,10796515,0.29413,0.00265006,2279547,10610506,12890053,0.2973160.0041180412351,8,1988,2204,0.0037,0.0365,11401,130,1988,r,Pat Robertson,C00218214,NA,NA,9.02,0.00403778985569,11,2097,2383,0.0081,0.0759,14500,124,0.00408099811473,15,2340,2697,0.0136,0.1192,16715,163,0.00422848787265,3,1745,1829,0.0003,0.0003,1739,2
1988,Jack Kemp,C00321620,0,NA,2.72,1,0.000363104,7.77E-04,0,87600,87600,0.306515,0.000796245,0,107429,107429,0.307782,0.000755166,0,125948,125948,0.308760.000363103979925,60,0,1713,0.0873,0.1025,19481,2433,1988,r,Jack Kemp,C00321620,NA,NA,2.72,0.000337701642602,63,0,1881,0.0861,0.1044,20839,2465,0.000320828938675,71,0,2213,0.0918,0.1221,23027,2564,0.00041469434279,49,0,1468,0.0719,0.0749,15846,2461
1988,Pierre du Pont,C00207530,0,NA,0.41,1,0.00441967,0.00333017,1945108,120960,2066068,0.318958,0.00333996,2210794,833960,3044754,0.320124,0.00323429,2366712,834774,3201486,0.3208650.00441966978178,7,2507,2803,0.0143,0.1052,2666,2,1988,r,Pierre du Pont,C00207530,NA,NA,0.41,0.00446772912709,8,2748,3062,0.0168,0.1306,14500,124,0.00427828100718,9,2902,3271,0.0212,0.1659,16715,163,0.00431328771337,6,1935,2145,0.0126,0.074,2099,14
1988,Alexander Haig,C00214189,0,NA,0.22,1,0.002239409,0.00157052,960450,428243,1388693,0.313025,0.00147418,1000900,890173,1891073,0.312962,0.00144344,1023900,1129537,2153437,0.3141790.00223940922382,13,1142,1842,0.062,0.1219,11401,130,1988,r,Alexander Haig,C00214189,NA,NA,0.22,0.00211986022021,16,1177,2028,0.0668,0.1552,14500,124,0.00196261353237,19,1202,2145,0.0708,0.1834,16715,163,0.00242434113107,7,970,1161,0.0045,0.0584,1338,18
1988,Harold E. Stassen,C00218909,0,NA,0.01,1,NA,1.44E-06,0,0,0,0.247732,1.34E-06,0,0,0,0.247467,1.23E-06,0,0,0,0.249342NA,0,0,0,0,0,0,0,1988,r,Harold E. Stassen,C00218909,NA,NA,0.01,NA,0,0,0,0.0,0.0,0,0,NA,0,0,0,0.0,0.0,0,0,NA,0,0,0,0.0,0.0,0,0
1988,Paul Laxalt,C00214783,0,NA,0,1,0.002414488,0.00147548,918738,63002,981740,0.316882,0.00137665,918738,63002,981740,0.316414,0.0012599,918738,63002,981740,0.3171960.00241448782034,24,1039,1510,0.0159,0.0973,1625,36,1988,r,Paul Laxalt,C00214783,NA,NA,0,0.00223250013434,24,1039,1528,0.019,0.0984,1890,39,0.00198828192974,24,1039,1544,0.0187,0.0878,2099,39,0.0029822983134,23,1039,1465,0.0134,0.0786,1516,35
1992,Bill Clinton,C00321414,3372,0.792107118,52.01,0,1.05E-05,8.39E-04,0,6106,6106,0.271786,0.000877926,0,12756,12756,0.273177,0.000434765,0,109690,109690,0.2836381.04940847652e-05,8,0,72,0.0182,0.0706,33888,1988,1992,d,Bill Clinton,C00321414,3372,0.792107117689,52.01,1.38032534114e-05,9,2,84,0.0155,0.0705,34422,1993,0.000363122123233,15,2,225,0.0105,0.0658,9077,77,5.10448974923e-06,4,0,27,0.0174,0.0482,26578,1939
1992,Jerry Brown,C00253914,596,0.140004698,20.2,0,2.13E-06,6.66E-06,0,1799,1799,0.229003,6.31E-06,0,1799,1799,0.237159,6.39E-06,0,1799,1799,0.2393762.12636067567e-06,1,0,12,0.0189,0.0544,33888,1988,1992,d,Jerry Brown,C00253914,596,0.140004698144,20.2,2.7180243321e-05,3,0,44,0.0215,0.0734,5784,155,2.03169093684e-05,3,0,50,0.0803,0.1152,6142,167,2.43302447822e-06,1,0,11,0.0224,0.0578,26578,1939
1992,Paul Tsongas,C00250951,289,0.067888184,18.14,1,0.001912756,0.00122429,699375,255475,954850,0.293214,0.00142443,905460,457078,1362538,0.294068,0.00208387,1596928,973960,2570888,0.2993620.00191275588073,5,1422,1643,0.0038,0.0687,2264,55,1992,d,Paul Tsongas,C00250951,289,0.0678881841673,18.14,0.00207679652625,6,1853,2083,0.0036,0.0753,2748,58,0.00309881986634,9,3141,3478,0.0074,0.1115,9077,77,0.00350878005417,5,1165,1323,0.0032,0.0636,3390,39
1992,Bob Kerrey,C00254250,0,0,1.58,1,0.003101195,0.00209473,1357020,227465,1584485,0.30866,0.00242404,1727683,257205,1984888,0.311361,0.00263688,2233281,1585432,3818713,0.3156720.0031011951879,40,2511,4318,0.0243,0.0884,3556,33,1992,d,Bob Kerrey,C00254250,0,0.0,1.58,0.00338723013491,53,3133,5532,0.0222,0.088,4165,46,0.00342396429303,65,3860,6666,0.0229,0.1051,9077,77,0.00267673983721,14,933,1218,0.0089,0.0746,3244,46
1992,Tom Harkin,C00254375,0,0,1.39,1,0.003125934,0.00212368,1047323,364174,1411497,0.314842,0.00216664,1151239,418324,1569563,0.315594,0.0021675,1321584,912422,2234006,0.3181880.00312593442816,61,2502,5879,0.0242,0.0802,5557,97,1992,d,Tom Harkin,C00254375,0,0.0,1.39,0.00291781367478,72,2700,6710,0.0216,0.0791,6567,100,0.0027766219253,89,2979,7968,0.0234,0.1006,9077,77,0.00263836192047,38,1614,2993,0.0086,0.0633,4986,60
1992,Lyndon LaRouche,C00364091,0,0,0.77,1,NA,9.45E-07,0,0,0,0.207554,8.71E-07,0,0,0,0.207563,7.83E-07,0,0,0,0.207685NA,0,0,0,0,0,0,0,1992,d,Lyndon LaRouche,C00364091,0,0.0,0.77,NA,0,0,0,0.0,0.0,0,0,NA,0,0,0,0.0,0.0,0,0,NA,0,0,0,0.0,0.0,0,0
1992,Eugene McCarthy,C00254698,0,0,0.54,1,6.22E-06,3.76E-06,32550,0,32550,0.2212,7.31E-06,36267,0,36267,0.224452,8.57E-06,68305,0,68305,0.2472136.21514893256e-06,0,4,4,0.0001,0,5772,147,1992,d,Eugene McCarthy,C00254698,0,0.0,0.54,1.14566540205e-05,0,10,10,0.0001,0.0,6567,100,1.87208773044e-05,1,13,31,0.0412,0.1229,6142,167,5.8290977673e-06,0,2,2,0.0,0.0,3,1
1992,Charles Woods,C00256289,0,0,0.44,1,4.54E-05,2.74E-06,82907,121,83028,0.237154,2.13E-06,424907,121,425028,0.245093,1.77E-06,949907,121,950028,0.247844.53703601595e-05,2,0,18,0.0144,0.0477,5772,147,1992,d,Charles Woods,C00256289,0,0.0,0.44,5.05800054603e-05,3,0,20,0.0172,0.0605,5784,155,4.76608875564e-05,4,0,52,0.1017,0.154,6142,167,6.63386272448e-05,2,0,11,0.0185,0.0498,4691,157
1992,Larry Agran,C00254227,0,0,0.29,1,0.000284878,0.000167913,87648,38000,125648,0.256856,0.000175775,106423,42000,148423,0.259115,0.000165917,114473,42000,156473,0.2861870.000284877606063,0,233,233,0.0003,0,6865,83,1992,d,Larry Agran,C00254227,0,0.0,0.29,0.000274258268529,0,260,260,0.0003,0.0,7630,88,0.000259496442616,1,275,1511,0.006,0.0366,761,10,0.000214823588628,0,132,132,0.0003,0.0,4986,60
1992,Ross Perot,C00321778,0,0,0.27,1,NA,9.45E-07,0,0,0,0.207554,8.71E-07,0,0,0,0.207563,7.83E-07,0,0,0,0.207685NA,0,0,0,0,0,0,0,1992,d,Ross Perot,C00321778,0,0.0,0.27,NA,0,0,0,0.0,0.0,0,0,NA,0,0,0,0.0,0.0,0,0,NA,0,0,0,0.0,0.0,0,0
1992,George H.W. Bush,C00273516,2163,0.991746905,72.84,0,0.002748317,7.25E-04,0,15674,15674,0.289204,0.000911814,0,13087,13087,0.290685,0.000990016,0,15382,15382,0.2926480.00274831666248,15,0,913,0.0011,0.0022,33888,1988,1992,r,George H.W. Bush,C00273516,2163,0.991746905089,72.84,0.00229256075173,17,0,1151,0.0013,0.004,34422,1993,0.00219973447014,22,0,1453,0.0017,0.0063,37570,2041,8.45459967835e-06,5,0,33,0.0,0.0,4618,97
1992,Pat Buchanan,C00361352,18,0.008253095,22.96,0,1.47E-05,1.56E-04,0,5054,5054,0.228852,0.000302797,0,7054,7054,0.235932,0.000449833,0,24061,24061,0.245621.4671387995e-05,5,0,496,0.0011,0.0022,3382,96,1992,r,Pat Buchanan,C00361352,18,0.00825309491059,22.96,3.50832260591e-05,7,0,530,0.0013,0.004,1955,55,0.000129008051963,14,0,683,0.0017,0.0063,4941,82,2.75124172803e-06,1,0,1,0.0,0.0,2322,62
1992,David Duke,C00256735,0,0,0.94,1,0.000132442,2.23E-05,1249,50100,51349,0.179889,3.39E-05,3349,57113,60462,0.220197,6.69E-05,15877,110463,126340,0.2243940.000132442041737,1,2,47,0,0,75,4,1992,r,David Duke,C00256735,0,0.0,0.94,0.000135760037172,2,7,91,0.0,0.0,79,4,0.000257286227248,2,47,140,0.0,0.0,4941,82,NA,0,0,0,0.0,0.0,0,0
1992,Ross Perot,C00321778,0,0,0.44,1,NA,9.45E-07,0,0,0,0.207554,8.71E-07,0,0,0,0.207563,7.83E-07,0,0,0,0.207685NA,0,0,0,0,0,0,0,1992,r,Ross Perot,C00321778,0,0.0,0.44,NA,0,0,0,0.0,0.0,0,0,NA,0,0,0,0.0,0.0,0,0,NA,0,0,0,0.0,0.0,0,0
1992,Marice Horton,C00208108,0,0,0.08,1,NA,9.45E-07,0,0,0,0.207554,8.71E-07,0,0,0,0.207563,7.83E-07,0,0,0,0.207685NA,0,0,0,0,0,0,0,1992,r,Marice Horton,C00208108,0,0.0,0.08,NA,0,0,0,0.0,0.0,0,0,NA,0,0,0,0.0,0.0,0,0,NA,0,0,0,0.0,0.0,0,0
1992,Harold Stassen,C00108639,0,0,0.06,1,NA,9.45E-07,0,0,0,0.207554,8.71E-07,0,0,0,0.207563,7.83E-07,0,0,0,0.207685NA,0,0,0,0,0,0,0,1992,r,Harold Stassen,C00108639,0,0.0,0.06,NA,0,0,0,0.0,0.0,0,0,NA,0,0,0,0.0,0.0,0,0,NA,0,0,0,0.0,0.0,0,0
1996,Bill Clinton,C00321414,0,NA,88.98,0,4.03E-05,1.53E-03,0,50615,50615,0.302123,0.00111942,0,64128,64128,0.30225,0.000977755,0,123971,123971,0.3029684.03268255797e-05,24,0,5881,0,0,4055,65,1996,d,Bill Clinton,C00321414,NA,NA,88.98,3.89980153646e-05,26,1,6333,0.0,0.0,1438,29,3.57926445466e-05,27,1,7300,0.0,0.0,21384,60,4.90441249397e-05,18,0,4637,0.0,0.0,9258,122
1996,Lyndon LaRouche,C00364091,0,NA,5.47,0,NA,6.23E-07,0,0,0,0.242667,5.77E-07,0,0,0,0.243952,5.27E-07,0,0,0,0.244751NA,0,0,0,0,0,0,0,1996,d,Lyndon LaRouche,C00364091,NA,NA,5.47,NA,0,0,0,0.0,0.0,0,0,NA,0,0,0,0.0,0.0,0,0,NA,0,0,0,0.0,0.0,0,0
1996,Bob Dole,C00317743,1928,0.977192093,58.82,0,0.001552109,3.44E-03,0,988898,988898,0.323198,0.00343541,0,1099257,1099257,0.323198,0.00324649,0,1144107,1144107,0.3232220.00155210876529,366,1,15031,0.0411,0.0883,35667,1331,1996,r,Bob Dole,C00317743,1928,0.977192093259,58.82,0.00142817548426,399,1,16384,0.0405,0.0892,22298,146,0.00129735335979,408,1,17864,0.0443,0.1002,34685,1169,0.00401402390676,326,1,11852,0.0403,0.0786,28027,1221
1996,Pat Buchanan,C00361352,43,0.021794222,20.76,0,8.98E-06,2.74E-04,0,13700,13700,0.239085,0.0002228,0,13700,13700,0.241426,0.000313483,0,23929,23929,0.2483458.98348012795e-06,10,0,63,0.051,0.0688,10531,104,1996,r,Pat Buchanan,C00361352,43,0.021794221997,20.76,7.03652469101e-06,10,0,77,0.0462,0.0644,10658,110,7.36327695132e-06,13,0,174,0.1159,0.098,12059,137,4.29894893026e-05,10,0,44,0.0225,0.0629,4373,59
1996,Steve Forbes,C00343772,2,0.001013685,11.41,1,1.53E-05,8.02E-05,0,13000,13000,0.273108,7.85E-05,0,10130,10130,0.278537,9.00E-05,0,66844,66844,0.2863731.52989347656e-05,4,0,134,0.006,0.0391,4055,65,1996,r,Steve Forbes,C00343772,2,0.00101368474404,11.41,1.21004409803e-05,5,0,220,0.0066,0.0403,1438,29,3.45024028754e-05,8,1,704,0.0483,0.0658,12059,137,NA,0,0,0,0.0,0.0,0,0
1996,Alan Keyes,C00452532,0,0,3.08,1,1.19E-05,1.83E-04,0,19876,19876,0.228607,0.00017608,0,19971,19971,0.24097,0.000159607,0,19996,19996,0.2524421.1891471305e-05,7,0,56,0.0454,0.0707,1026,25,1996,r,Alan Keyes,C00452532,0,0.0,3.08,1.0075049061e-05,8,0,61,0.0431,0.064,1243,32,9.13077032896e-06,9,0,153,0.1147,0.1015,2594,54,1.07303550041e-05,6,0,40,0.0178,0.0851,1488,25
1996,Richard Lugar,C00301333,0,0,0.83,1,0.004814565,0.00322402,3158527,1698459,4856986,0.31944,0.00299016,3230815,1712559,4943374,0.320633,0.00276167,3304620,1854059,5158679,0.3213050.00481456515097,59,5490,8524,0.0291,0.0512,10531,104,1996,r,Richard Lugar,C00301333,0,0.0,0.83,0.00447597235963,61,5606,8999,0.0299,0.0536,10658,110,0.00425418719086,63,5700,9461,0.0297,0.0553,12059,137,0.00529442341607,47,5052,7485,0.0277,0.0343,9258,122
1996,Phil Gramm,C00299917,0,0,0.47,1,0.013806775,0.0102703,11604099,844638,12448737,0.342681,0.0096417,11813874,1410313,13224187,0.342393,0.00882036,11977295,3410847,15388142,0.3414810.0138067750972,174,15322,23891,0.0349,0.0912,15860,119,1996,r,Phil Gramm,C00299917,0,0.0,0.47,0.0123078901788,179,15608,24866,0.0371,0.0939,16731,135,0.0111797259071,180,15797,25510,0.0404,0.1059,17725,157,0.017751179407,158,14216,21653,0.0337,0.0793,13837,83
1996,Robert K. Dornan,C00301465,0,0,0.28,1,6.63E-05,1.19E-04,46888,56250,103138,0.248782,0.000106911,50438,56250,106688,0.256927,0.000100261,51918,56250,108168,0.2579436.6340370732e-05,2,100,120,0.0387,0.079,1167,4,1996,r,Robert K. Dornan,C00301465,0,0.0,0.28,6.09206416291e-05,2,105,126,0.0374,0.0698,1526,51,5.58905831725e-05,2,108,129,0.024,0.0463,2594,54,8.60876041429e-05,2,86,93,0.0182,0.0909,4373,59
1996,Morry Taylor,C00302216,0,0,0.14,1,6.50E-05,8.90E-05,23142,4603154,4626296,0.270477,0.00011852,33442,5421554,5454996,0.271688,0.000117115,34442,6411579,6446021,0.276746.50460703174e-05,2,31,501,0.0032,0.0068,28,1,1996,r,Morry Taylor,C00302216,0,0.0,0.14,0.000104128043532,4,42,851,0.0045,0.0123,41,1,0.000103458778066,5,43,983,0.0389,0.066,42,1,8.64118039113e-05,1,8,445,0.0031,0.0025,8,1
2000,Al Gore,C00360982,3007,0.852082743,75.37,0,0.000131149,1.05E-03,0,130525,130525,0.291992,0.000976062,0,416017,416017,0.294221,0.000887615,0,1407258,1407258,0.2951480.000131149146592,24,3,1764,0.0008,0.056,10941,143,2000,d,Al Gore,C00360982,3007,0.852082742987,75.37,0.000113430044063,25,10,1903,0.0008,0.0594,547,14,0.000110444853124,30,14,2169,0.0009,0.0594,180,14,0.000100928090088,20,1,794,0.0002,0.012,29154,876
2000,Bill Bradley,C00341818,522,0.147917257,20.96,1,0.014902662,0.0112403,23816929,7092,23824021,0.300298,0.0109385,24559326,6597,24565923,0.303685,0.010156,24945993,5789843,30735836,0.3096720.014902661821,12,32169,32713,0.0008,0.056,30980,5,2000,d,Bill Bradley,C00341818,522,0.147917257013,20.96,0.0154848289814,14,33474,34360,0.0008,0.0594,31915,5,0.0162362889107,16,34065,35073,0.0009,0.0594,72969,88,0.0144654282652,9,25383,25772,0.0002,0.012,24877,3
2000,Lyndon LaRouche,C00364091,0,0,1.91,1,NA,3.71E-07,0,0,0,0.235294,3.54E-07,0,0,0,0.235861,3.28E-07,0,0,0,0.236588NA,0,0,0,0,0,0,0,2000,d,Lyndon LaRouche,C00364091,0,0.0,1.91,NA,0,0,0,0.0,0.0,0,0,NA,0,0,0,0.0,0.0,0,0,NA,0,0,0,0.0,0.0,0,0
2000,George W. Bush,C00404343,1496,0.842816901,62,0,0.004918523,4.05E-03,0,1295838,1295838,0.325465,0.00390974,0,1338433,1338433,0.325575,0.00375703,0,1690116,1690116,0.3257380.00491852253565,479,1,27935,0.0408,0.1124,59866,1488,2000,r,George W. Bush,C00404343,1496,0.842816901408,62.0,0.00473255472117,492,1,29767,0.0407,0.1137,56983,1404,0.0147570699607,509,3,31396,0.0415,0.1339,56191,1332,0.00499742459359,437,0,20080,0.0395,0.0958,41251,1289
2000,Alan Keyes,C00452532,22,0.012394366,5.08,0,9.48E-07,1.10E-04,0,5,5,0.223218,0.000114799,0,5,5,0.223306,0.000123216,0,1005,1005,0.2324429.48317907466e-07,2,0,4,0.0003,0.006,8707,18,2000,r,Alan Keyes,C00452532,22,0.0123943661972,5.08,9.07955407051e-07,2,0,4,0.0002,0.0052,25135,131,7.15967176112e-06,3,0,183,0.0006,0.0048,72969,88,1.14348482861e-06,2,0,4,0.0003,0.0078,3005,25
2000,John McCain,C00430470,244,0.137464789,31.23,1,0.000304152,9.36E-04,0,2221902,2221902,0.309216,0.000957524,0,2269689,2269689,0.309353,0.00114818,0,2373286,2373286,0.3117030.000304152116739,125,0,5606,0.0671,0.1541,12498,60,2000,r,John McCain,C00430470,244,0.137464788732,31.23,0.000299759539257,129,0,5937,0.0643,0.1561,14374,59,0.000644581759373,154,1,7201,0.0618,0.1709,72969,88,0.000298012665797,100,0,4205,0.0626,0.1408,8260,60
2000,Steve Forbes,C00343772,10,0.005633803,0.89,1,0.00153758,0.00144328,31328798,14079,31342877,0.31279,0.00140102,38447113,14329,38461442,0.313366,0.00133557,40830834,14329,40845163,0.314130.00153757968925,7,3892,5039,0.0184,0.0743,5387,45,2000,r,Steve Forbes,C00343772,10,0.0056338028169,0.89,0.00156029227727,8,3971,6053,0.0208,0.0713,3301,7,0.00165022991058,8,4030,6270,0.0206,0.0688,3286,6,0.00176533603781,6,3547,4540,0.0176,0.0507,4678,38
2000,Gary Bauer,C00342774,3,0.001690141,0.31,1,0.002679182,0.00243175,2853821,7200,2861021,0.290123,0.00239425,2975956,2037852,5013808,0.295824,0.00223285,3014115,2134842,5148957,0.2959830.00267918213206,8,5683,6609,0.0081,0.0474,8707,18,2000,r,Gary Bauer,C00342774,3,0.00169014084507,0.31,0.00272480743677,8,5869,6874,0.0104,0.0433,25135,131,0.00283868192208,8,5918,6990,0.0103,0.0429,72969,88,0.00296518854868,5,5094,5853,0.0077,0.0211,6668,14
2000,Orrin Hatch,C00346783,0,0,0.08,1,0.000846563,0.000948145,1340173,475012,1815185,0.314732,0.000953751,1403045,483012,1886057,0.315395,0.000917647,1448842,520512,1969354,0.3160290.000846562514956,69,1673,7403,0.0594,0.1523,5349,77,2000,r,Orrin Hatch,C00346783,0,0.0,0.08,0.000879133438185,75,1761,8696,0.0586,0.1567,3402,57,0.00117238404661,77,1851,9829,0.0569,0.1753,2284,25,0.000794127346169,47,1161,5042,0.0572,0.1257,2794,31
2000,Lamar Alexander,C00342220,0,0,0.05,1,0.001185369,9.73E-04,2310147,1246308,3556455,0.316688,0.000925648,2310147,1246308,3556455,0.318525,0.000854823,2310147,1246308,3556455,0.3186870.00118536866502,26,2671,4778,0.0376,0.1465,6132,40,2000,r,Lamar Alexander,C00342220,0,0.0,0.05,0.00117582230755,26,2671,4789,0.0353,0.1452,6301,45,0.00124928225799,26,2671,4821,0.0344,0.1459,6421,40,0.00164968988786,26,2671,4541,0.0372,0.1325,5884,49
2004,John Kerry,C00404160,2573.5,0.751167542,60.98,0,0.000154148,3.68E-04,0,212715,212715,0.299047,0.000352864,0,278490,278490,0.301191,0.000402916,0,351758,351758,0.3038710.00015414815566,27,3,3919,0.0391,0.2197,35880,797,2004,d,John Kerry,C00404160,2573.5,0.751167542323,60.98,0.000158564273625,30,5,4739,0.0359,0.2234,35834,703,0.000170342850959,37,6,6565,0.0331,0.2419,1819,19,9.81299847281e-05,23,3,3293,0.0422,0.1745,29718,766
2004,John Edwards,C00384073,559,0.16316404,19.42,0,0.016637822,0.00265141,15715602,1098728,16814330,0.297598,0.00271468,17142831,1512827,18655658,0.305758,0.002921,19732411,4489438,24221849,0.323460.0166378220624,9,13157,14426,0.0128,0.0684,13056,17,2004,d,John Edwards,C00384073,559,0.163164039696,19.42,0.0176850743193,11,14986,16414,0.0145,0.0792,15074,26,0.00815761833049,16,18088,20051,0.0198,0.1533,35485,67,0.00688172025384,6,11288,12276,0.0116,0.0593,10366,15
2004,Howard Dean,C00378125,167.5,0.048890835,5.55,0,0.035030339,0.00677767,17774896,1147132,18922028,0.332823,0.0069278,19590488,4934975,24525463,0.33458,0.00669328,20690169,5979348,26669517,0.3357190.0350303389362,30,29958,33416,0.0129,0.2097,28089,7,2004,d,Howard Dean,C00378125,167.5,0.0488908347928,5.55,0.0379987061686,37,33277,38536,0.0173,0.2179,31186,7,0.0358009662254,42,35126,41382,0.021,0.2381,32899,9,0.00980289281122,13,20509,22387,0.0055,0.1144,19991,5
2004,Wesley Clark,C00390898,60,0.017513135,3.36,1,0.004151637,0.00233513,9978782,97506,10076288,0.322577,0.00252825,11376203,112731,11488934,0.325781,0.00237141,11998810,2100731,14099541,0.3275590.00415163747873,28,11460,14161,0.0171,0.2009,10935,4,2004,d,Wesley Clark,C00390898,60,0.0175131348511,3.36,0.00470080463923,36,13245,16641,0.0203,0.2193,12750,9,0.00370373531849,36,13907,17545,0.0225,0.2342,35485,67,0.00218626395247,10,4689,6044,0.0119,0.1423,4491,7
2004,Dennis Kucinich,C00430975,40,0.011675423,3.8,0,6.81E-05,1.17E-04,0,15165,15165,0.251804,0.000102555,0,15165,15165,0.252636,8.29E-05,0,15165,15165,0.2530926.80778321526e-05,5,0,481,0.0683,0.1105,35880,797,2004,d,Dennis Kucinich,C00430975,40,0.0116754232341,3.8,5.92695043058e-05,5,0,484,0.0629,0.1094,6313,44,5.10167989e-05,5,0,488,0.0507,0.126,8538,65,4.17358436088e-05,4,0,470,0.0781,0.1236,29718,766
2004,Al Sharpton,C00384388,26,0.007589025,2.3,1,0.000134503,0.000155034,547474,28000,575474,0.270179,0.000157262,576474,192000,768474,0.297498,0.000154236,600473,192000,792473,0.2983080.000134503285048,4,391,1011,0.0691,0.165,2914,18,2004,d,Al Sharpton,C00384388,26,0.00758902510216,2.3,0.000136275587892,5,454,1083,0.0642,0.1678,24448,307,0.000136585444735,6,503,1377,0.0544,0.1856,35485,67,0.000148204660514,4,255,855,0.0785,0.1489,768,15
2004,Dick Gephardt,C00384123,0,0,0,1,0.01456328,0.00329597,12267231,3255904,15523135,0.330291,0.00309717,12709961,3310806,16020767,0.330903,0.0028097,12729761,3311521,16041282,0.3314680.014563279514,128,11789,19839,0.0339,0.2178,11618,47,2004,d,Dick Gephardt,C00384123,0,0.0,0,0.0138609525246,133,12202,21846,0.0373,0.2333,12353,54,0.0123773426272,134,12220,22879,0.0399,0.2513,11592,46,0.0066419491468,117,9807,16539,0.0294,0.1593,9479,51
2004,Joe Lieberman,C00384297,0,0,0,1,0.005402989,0.00322885,12741764,423490,13165254,0.328877,0.00305247,13085630,444740,13530370,0.329067,0.0027401,13120080,446445,13566525,0.3289340.00540298873916,89,12716,18389,0.0209,0.1994,18555,80,2004,d,Joe Lieberman,C00384297,0,0.0,0,0.0049337782583,96,13002,19788,0.0235,0.2127,18152,70,0.00435669681997,97,13029,20217,0.0255,0.2251,18726,81,0.00526525016661,75,10989,15143,0.0187,0.1467,10905,46
2004,George W. Bush,C00404343,2508,1,98.1,0,0.009281901,4.39E-03,0,2160182,2160182,0.332522,0.00439269,0,2387592,2387592,0.332653,0.00444453,0,2640765,2640765,0.3350320.00928190093889,670,2,47831,NA,NA,53253,1458,2004,r,George W. Bush,C00404343,2508,1.0,98.1,0.00883505290885,698,6,51732,NA,NA,62107,1588,0.00838327020788,732,7,57495,NA,NA,62709,1512,0.00523537793462,580,1,36181,NA,NA,47086,1487
2008,Barack Obama,C00431445,2285.5,0.534870115,47.12,0,0.016876375,0.0104819,72702098,350589,73052687,0.346681,0.0129159,93221275,531072,93752347,0.352944,0.0159967,118853341,7319387,126172728,0.3621390.0168763748802,41,59503,64268,0.0377,0.2098,55430,27,2008,d,Barack Obama,C00431445,2285.5,0.534870114674,47.12,0.0208490689529,49,81952,87390,0.036,0.229,76038,35,0.02584102415,67,114627,124251,0.037,0.2567,106159,14,0.0199984060438,32,49798,52786,0.0235,0.1396,46632,33
2008,Hilary Clinton,C00431569,1973,0.461736485,48.26,0,0.013985708,0.0112742,95574458,15871423,111445881,0.354044,0.0118584,105143174,24258135,129401309,0.357124,0.0139912,123205513,28126687,151332200,0.3623270.0139857084307,249,53900,85983,0.0561,0.2317,46285,35,2008,d,Hilary Clinton,C00431569,1973,0.461736484905,48.26,0.0145344903318,280,61947,107341,0.0657,0.2365,59257,71,0.0186779026341,306,89615,140867,0.0576,0.2466,86447,63,0.0172444899371,212,42663,67851,0.0479,0.2016,48501,192
2008,John Edwards,C00431205,14.5,0.0033934,2.68,1,0.004056185,0.00295485,24013855,8974914,32988769,0.33242,0.00297882,25376065,8974914,34350979,0.333186,0.00260807,25403161,12034512,37437673,0.3330760.00405618451246,21,19730,30922,0.0583,0.244,55575,205,2008,d,John Edwards,C00431205,14.5,0.00339340042125,2.68,0.00404909124149,21,21937,33953,0.0688,0.2485,62577,199,0.0034918636382,21,21966,35073,0.0653,0.2377,62277,180,0.00626780892544,14,17739,25334,0.0369,0.2145,23860,110
2008,Dennis Kucinich,C00430975,0,0,0.28,1,0.00045283,0.000399682,1118800,58529,1177329,0.298596,0.000386715,1237866,63737,1301603,0.301495,0.000346296,1250411,74273,1324684,0.3091310.000452829902995,12,1691,6364,0.0749,0.197,5883,50,2008,d,Dennis Kucinich,C00430975,0,0.0,0.28,0.000454683905334,16,1870,7228,0.0776,0.205,2755,41,0.00042692104186,18,1879,7947,0.0761,0.1981,3304,42,0.000439071745701,8,1093,4457,0.0352,0.1286,5108,47
2008,Bill Richardson,C00431577,0,0,0.28,1,0.006877657,0.00314991,17448575,1773545,19222120,0.333425,0.00296193,17713111,2491753,20204864,0.333575,0.00264085,18474627,2515876,20990503,0.3337170.00687765681132,82,14387,34257,0.0684,0.2908,16779,65,2008,d,Bill Richardson,C00431577,0,0.0,0.28,0.00702691196409,86,14541,36299,0.0714,0.2999,16724,65,0.00721359738333,87,14572,39337,0.071,0.3078,29621,187,0.00535331631681,65,12630,27924,0.0501,0.2575,13024,45
2008,Joe Biden,C00431916,0,0,0.22,1,0.00131273,0.00122932,8693669,3354498,12048167,0.323567,0.0011326,8726469,3515998,12242467,0.324003,0.00104237,8730969,3818252,12549221,0.3252450.00131272974038,44,6285,11997,0.0855,0.3166,55575,205,2008,d,Joe Biden,C00431916,0,0.0,0.22,0.00116338129284,46,6325,12415,0.0878,0.327,62577,199,0.0010113816529,47,6331,12790,0.0834,0.3286,62277,180,0.00187352399272,37,5290,9508,0.055,0.2699,5151,26
2008,Mike Gravel,C00423202,0,0,0.11,1,7.05E-05,5.58E-05,154351,59036,213387,0.262556,5.16E-05,161851,59036,220887,0.264714,4.73E-05,168161,59036,227197,0.2672747.04643532222e-05,3,275,1028,0.0402,0.0464,8481,81,2008,d,Mike Gravel,C00423202,0,0.0,0.11,6.67533292512e-05,4,290,1111,0.04,0.0539,59257,71,6.04819889148e-05,4,297,1130,0.0373,0.0496,86447,63,9.89404165879e-05,1,239,240,0.0005,0.0,5108,47
2008,Chris Dodd,C00431379,0,0,0.09,1,0.001453811,0.00175727,9135660,7703877,16839537,0.328497,0.00163812,9157410,7972557,17129967,0.328838,0.00155824,9206032,8524448,17730480,0.3294270.00145381139771,146,6002,19720,0.0726,0.251,55575,205,2008,d,Chris Dodd,C00431379,0,0.0,0.09,0.0012841117232,147,6026,20303,0.0733,0.2658,62577,199,0.0011156715949,154,6042,22514,0.0712,0.2839,62277,180,0.00205689337208,134,5304,16288,0.046,0.2157,48501,192
2008,John McCain,C00430470,1575,0.724804418,46.38,0,0.006490709,0.00512811,28574138,4033498,32607636,0.331523,0.00607674,37554897,5235003,42789900,0.334428,0.00648521,46307186,6382169,52689355,0.337550.00649070929217,149,21761,37631,0.0409,0.2058,55575,205,2008,r,John McCain,C00430470,1575,0.724804417855,46.38,0.00752080812901,168,29227,47366,0.0421,0.2155,62577,199,0.00790452625205,203,35423,63671,0.0526,0.2368,62277,180,0.00816025297173,137,18110,30928,0.0376,0.1894,16690,37
2008,Mitt Romney,C00431171,271,0.124712379,22.46,1,0.009323414,0.00792702,47275303,36089577,83364880,0.341732,0.00818854,54920311,43109230,98029541,0.342866,0.0076917,59499152,45178289,104677441,0.3438710.00932341427947,133,35342,66323,0.0273,0.1985,32077,25,2008,r,Mitt Romney,C00431171,271,0.124712379199,22.46,0.00943810895901,139,40011,72869,0.0289,0.2066,36532,26,0.00857948793291,141,41513,76247,0.0304,0.2165,37953,28,0.0132773134712,116,31137,56650,0.0234,0.1821,28598,23
2008,Mike Huckabee,C00431809,278,0.127933732,20.43,1,0.002411206,0.00123924,5835496,183718,6019214,0.318064,0.00154291,7899714,399338,8299052,0.321388,0.0015842,9267486,498710,9766196,0.3230670.00241120565297,25,5787,8742,0.0313,0.0988,6263,28,2008,r,Mike Huckabee,C00431809,278,0.127933732168,20.43,0.00323630157017,29,7944,11343,0.0332,0.1151,9909,47,0.00323326424257,30,9353,13013,0.032,0.1185,12553,65,0.00116710806876,17,2523,4831,0.0272,0.0809,5404,44
2008,Ron Paul,C00495820,35,0.016106765,5.55,0,0.002925333,0.000580018,0,219333,219333,0.256005,0.000557704,0,288116,288116,0.256181,0.000503873,0,316672,316672,0.2658240.00292533288961,16,11,494,0.0089,0.0727,15758,53,2008,r,Ron Paul,C00495820,35,0.0161067648412,5.55,0.00313918535094,20,17,560,0.0083,0.072,17692,63,0.00281597999548,24,17,750,0.0122,0.075,18866,71,0.000186979695401,9,7,371,0.0089,0.0777,6730,38
2008,Fred Thompson,C00438507,11,0.005062126,1.39,0,0.004188378,0.0026334,12515401,149291,12664692,0.324863,0.00262474,13280951,249423,13530374,0.326633,0.00233741,13273673,256698,13530371,0.3270980.0041883779512,47,12244,19822,0.0399,0.1891,16130,73,2008,r,Fred Thompson,C00438507,11,0.00506212609296,1.39,0.00414137180958,47,13543,21570,0.041,0.193,16794,72,0.00367162851997,47,13569,22055,0.0483,0.2052,15553,71,0.00404786993555,39,9609,15632,0.0357,0.1778,13554,83
2008,Rudy Giuliani,C00430512,0,0,0.28,0,0.009850478,0.00772856,53079708,3013594,56093302,0.33383,0.00745434,55751083,3179190,58930273,0.334358,0.00683866,58884081,3203257,62087338,0.3360180.00985047772319,133,35020,52156,0.0393,0.2148,30601,36,2008,r,Rudy Giuliani,C00430512,0,0.0,0.28,0.00933800409341,140,36839,55768,0.0438,0.2218,31942,35,0.00813956929342,142,36945,57517,0.0499,0.2339,31935,39,0.0111652427784,97,27925,40996,0.0384,0.2017,24536,28
2008,Alan Keyes,C00452532,2,0.000920387,0,1,NA,2.22E-07,0,0,0,1,2.02E-07,0,0,0,1,1.81E-07,0,0,0,1NA,0,0,0,0,0,0,0,2008,r,Alan Keyes,C00452532,2,0.000920386562356,0,NA,0,0,0,0.0,0.0,0,0,NA,0,0,0,0.0,0.0,0,0,NA,0,0,0,0.0,0.0,0,0
2008,Duncan Hunter,C00431411,1,0.000460193,0,0,0.000704076,0.000295839,1038743,285950,1324693,0.30814,0.000283729,1072913,288308,1361221,0.309212,0.00025328,1075313,323709,1399022,0.3107310.000704075644682,23,1143,2917,0.0283,0.1176,1675,24,2008,r,Duncan Hunter,C00431411,1,0.000460193281178,0,0.000644907033567,23,1196,3225,0.0282,0.1199,2046,36,0.000573715570504,23,1196,3504,0.0318,0.1241,5926,80,0.000811987001568,19,948,2252,0.0224,0.1092,2761,53
2012,Barack Obama,C00431445,3166,1,88.87,0,0.024877436,5.09E-05,0,36610943,36610943,0.326804,4.22E-05,0,42381319,42381319,0.326685,4.05E-05,0,55680867,55680867,0.3276440.0248774358654,57,50299,79332,NA,NA,68833,191,2012,d,Barack Obama,C00431445,3166,1.0,88.87,0.0242550312824,62,54124,86310,NA,NA,74528,186,0.0262849239532,66,62434,101637,NA,NA,90981,221,0.0231174447218,48,39771,63560,NA,NA,56692,158
2012,Mitt Romney,C00431171,1489,0.723166586,52.13,0,0.013589397,0.00269091,0,344348,344348,0.348837,0.00267471,0,367212,367212,0.347103,0.00341219,0,504925,504925,0.3539860.0135893966135,123,32293,43144,0.0206,0.1097,27731,32,2012,r,Mitt Romney,C00431171,1489,0.723166585721,52.13,0.0137327197132,141,35706,49421,0.0253,0.1169,30772,40,0.0145829818137,182,41628,60762,0.0257,0.1106,39900,74,0.0116032096873,75,21550,25700,0.0124,0.0918,19172,28
2012,Rick Santorum,C00578492,258,0.125303545,20.43,1,0.000180779,0.000264295,0,0,0,0.378365,0.000267074,0,0,0,0.376864,0.000295351,0,0,0,0.3762670.00018077863181,14,1,966,0.0142,0.085,17,4,2012,r,Rick Santorum,C00578492,258,0.12530354541,20.43,0.000473413936943,17,4,1530,0.0176,0.0826,3430,29,0.000706144812099,21,5,2548,0.02,0.0853,1021,20,6.62918567338e-05,9,0,782,0.0159,0.0762,25925,109
2012,Newt Gingrich,C00496497,154,0.074793589,14.21,0,0.003434674,0.000407377,0,71000,71000,0.306559,0.000380859,0,71250,71250,0.305983,0.000403802,0,74295,74295,0.3054510.00343467356031,25,7336,9719,0.0379,0.1494,40585,157,2012,r,Newt Gingrich,C00496497,154,0.0747935891209,14.21,0.00464566390207,32,10839,14775,0.0418,0.1543,32612,135,0.00465038713499,34,12083,16764,0.042,0.1538,40318,178,0.00117378907853,12,2200,3073,0.0205,0.1269,25925,109
2012,Ron Paul,C00495820,154,0.074793589,10.89,0,0.02141311,5.84E-05,0,1000500,1000500,0.271611,5.59E-05,0,1000500,1000500,0.275483,3.98E-05,0,1000500,1000500,0.2769350.0214131102209,16,15421,18549,0.0275,0.0994,40585,157,2012,r,Ron Paul,C00495820,154,0.0747935891209,10.89,0.0227395210476,20,17594,21126,0.0275,0.1009,18665,54,0.02235832849,22,18953,23260,0.0284,0.1031,20196,60,0.00807882277549,7,9747,11571,0.0125,0.0574,25925,109
2012,Jon Hunstman,C00498444,3,0.001457018,0.44,1,0.000821476,0.000238033,0,2575463,2575463,0.305,0.000234335,0,2625463,2625463,0.303727,0.00024545,0,3625463,3625463,0.3027670.000821476476436,17,2405,4961,0.0357,0.1182,2070,10,2012,r,Jon Hunstman,C00498444,3,0.00145701796989,0.44,0.000815998237509,17,2664,5397,0.0335,0.1238,2261,10,0.000725508497765,17,2667,5576,0.0342,0.1257,2280,10,0.000915639651392,10,1862,3397,0.0174,0.0984,1605,7
2012,Rick Perry,C00500587,0,0,0.22,1,0.004715343,0.00173548,0,231482,231482,0.324729,0.00171938,0,233982,233982,0.323532,0.00168032,0,236482,236482,0.3232930.00471534340788,67,10716,15449,0.0389,0.1413,19724,151,2012,r,Rick Perry,C00500587,0,0.0,0.22,0.00443503963844,68,10836,16102,0.044,0.1508,18981,130,0.00395392991935,68,10839,16665,0.0463,0.1532,20695,154,0.00540705643857,53,9993,13213,0.0208,0.1182,17576,137
2012,Michele Bachmann,C00410118,1,0.000485673,0.18,1,0.001625138,0.000231058,0,2007950,2007950,0.326343,0.000224531,0,2007950,2007950,0.323015,0.000215176,0,2007950,2007950,0.3228890.00162513819931,15,1359,7282,0.0194,0.1058,40585,157,2012,r,Michele Bachmann,C00410118,1,0.000485672656629,0.18,0.00152587131438,15,1360,7503,0.0193,0.109,32612,135,0.00143536665512,17,1413,8029,0.0199,0.1073,40318,178,0.00341834018286,14,1358,6597,0.0185,0.0956,25925,109
2012,Buddy Roemer,C00493692,0,0,0.17,1,1.15E-05,5.43E-05,0,24900,24900,0.305179,5.24E-05,0,24900,24900,0.304299,5.01E-05,0,24900,24900,0.3046891.14708001929e-05,0,36,36,0,0,35,1,2012,r,Buddy Roemer,C00493692,0,0.0,0.17,1.2358084213e-05,0,43,43,0.0,0.0,41,1,1.59619802189e-05,1,53,110,0.0004,0.0013,5421,83,1.12992294693e-05,0,20,20,0.0,0.0,3364,69
2012,Herman Cain,C00496067,0,0,0.07,1,0.002809533,0.000149401,0,617982,617982,0.288742,0.000142678,0,917982,917982,0.296762,0.000145135,0,917982,917982,0.2969460.00280953309482,12,9967,11960,0.0255,0.1341,40585,157,2012,r,Herman Cain,C00496067,0,0.0,0.07,0.00258564571357,14,9991,33254,0.0237,0.1431,32612,135,0.00231503924856,14,9991,34869,0.0253,0.1421,40318,178,0.00379128524356,10,7389,8988,0.013,0.0977,25925,109
2012,Gary Johnson,C00495622,0,0,0.02,1,0.00016805,2.93E-05,0,0,0,0.240666,2.83E-05,0,0,0,0.239488,2.71E-05,0,0,0,0.2394850.000168049734265,2,402,904,0.0124,0.0248,40585,157,2012,r,Gary Johnson,C00495622,0,0.0,0.02,0.000165379710586,2,430,1118,0.0129,0.022,18665,54,0.000148913197662,2,432,1175,0.0127,0.023,20196,60,0.000192507584796,2,342,645,0.0093,0.0169,25925,109
2016,Hilary Clinton,C00575795,0,NA,0,,0.016995597,,,,,,,,,,,,,,,0.016995597,140,33850,77171,0.0011,0.0041,33860,41,2016,d,Hilary Clinton,C00575795,NA,NA,0,0.0169610397996,142,33850,77770,0.0334,0.0218,33401,39,0.0169610397996,142,33850,77770,0.0334,0.0218,33401,39,0.0169641073794,142,33850,77763,0.0334,0.0218,33401,39
2016,Bernie Sanders,C00577130,0,NA,0,,0.005510279,,,,,,,,,,,,,,,0.005510279,8,12188,12743,0.0086,0.1102,13242,31,2016,d,Bernie Sanders,C00577130,NA,NA,0,0.00593179793064,12,12188,24914,0.0362,0.0478,15913,38,0.00593179793064,12,12188,24914,0.0362,0.0478,15913,38,0.00593256373308,12,12188,24914,0.0362,0.0478,15913,38
2016,Jim Webb,C00581215,0,NA,0,,0.000183796,,,,,,,,,,,,,,,0.000183796,1,407,782,0.0076,0.1082,695,9,2016,d,Jim Webb,C00581215,NA,NA,0,0.000182862002275,1,407,783,0.0053,0.0311,695,9,0.000182862002275,1,407,783,0.0053,0.0311,695,9,0.000182890791854,1,407,783,0.0053,0.0311,695,9
2016,Lincoln Chafee,C00579706,0,NA,0,,1.25E-05,,,,,,,,,,,,,,,1.25E-05,0,30,30,0.0011,0,2595,8,2016,d,Lincoln Chafee,C00579706,NA,NA,0,1.2511801897e-05,0,30,30,0.0011,0.0,27,1,1.2511801897e-05,0,30,30,0.0011,0.0,27,1,1.25137806592e-05,0,30,30,0.0011,0.0,27,1
2016,Lawrence Lessig,C00583146,0,NA,0,,0.000298359,,,,,,,,,,,,,,,0.000298359,0,661,661,0.0013,0,2595,8,2016,d,Lawrence Lessig,C00583146,NA,NA,0,0.000298388122512,0,661,661,0.0011,0.0,15913,38,0.000298388122512,0,661,661,0.0011,0.0,15913,38,0.000298433954717,0,661,661,0.0011,0.0,15913,38
2016,Jeb Bush,C00579458,0,NA,0,,0.005117142,,,,,,,,,,,,,,,0.005117142,26,11500,15705,0.0093,0.0823,11025,22,2016,r,Jeb Bush,C00579458,NA,NA,0,0.00519948663668,33,11500,16307,0.016,0.1041,10742,18,0.00519948663668,33,11500,16307,0.016,0.1041,10742,18,0.00519988849263,33,11500,16305,0.0159,0.1036,10742,18
2016,Ben Carson,C00573519,0,NA,0,,0.005306487,,,,,,,,,,,,,,,0.005306487,6,12325,13503,0.0133,0.1189,16799,25,2016,r,Ben Carson,C00573519,NA,NA,0,0.00534979046939,9,12325,13728,0.0167,0.1506,16835,27,0.00534979046939,9,12325,13728,0.0167,0.1506,16835,27,0.00535011633305,9,12325,13726,0.0166,0.15,16814,26
2016,Chris Christie,C00580399,0,NA,0,,0.000980188,,,,,,,,,,,,,,,0.000980188,6,2098,3118,0.0464,0.0994,2776,14,2016,r,Chris Christie,C00580399,NA,NA,0,0.00100142588175,10,2098,3541,0.0508,0.1088,2703,11,0.00100142588175,10,2098,3541,0.0508,0.1088,2703,11,0.00100117700357,10,2098,3540,0.0508,0.1086,2703,11
2016,Ted Cruz,C00574624,0,NA,0,,0.005780245,,,,,,,,,,,,,,,0.005780245,10,10537,11393,0.02,0.0807,10820,22,2016,r,Ted Cruz,C00574624,NA,NA,0,0.00580981656548,16,10537,11883,0.0271,0.1005,10737,22,0.00580981656548,16,10537,11883,0.0271,0.1005,10737,22,0.0058061914895,15,10537,11859,0.0267,0.0991,10737,22
2016,Carly Fiorina,C00577312,0,NA,0,,0.0017494,,,,,,,,,,,,,,,0.0017494,5,4333,4635,0.016,0.1054,16799,25,2016,r,Carly Fiorina,C00577312,NA,NA,0,0.00179421243258,8,4333,5121,0.0237,0.1397,16835,27,0.00179421243258,8,4333,5121,0.0237,0.1397,16835,27,0.00179363838846,8,4333,5121,0.0237,0.1397,16814,26
2016,Jim Gilmore,C00582668,0,NA,0,,1.23E-05,,,,,,,,,,,,,,,1.23E-05,0,29,29,0,0,1487,31,2016,r,Jim Gilmore,C00582668,NA,NA,0,1.23024483527e-05,0,29,29,0.0,0.0,94,5,1.23024483527e-05,0,29,29,0.0,0.0,94,5,1.23043950001e-05,0,29,29,0.0,0.0,94,5
2016,Lindsey Graham,P60007697,0,NA,0,,1.01E-05,,,,,,,,,,,,,,,1.01E-05,1,0,28,0.0001,0.0021,92,10,2016,r,Lindsey Graham,P60007697,NA,NA,0,9.87572072092e-06,1,0,28,0.0001,0.0018,192,11,9.87572072092e-06,1,0,28,0.0001,0.0018,192,11,9.87801604824e-06,1,0,28,0.0001,0.0018,192,11
2016,Mike Huckabee,C00577981,0,NA,0,,0.000760652,,,,,,,,,,,,,,,0.000760652,7,1535,2202,0.0526,0.1046,3391,20,2016,r,Mike Huckabee,C00577981,NA,NA,0,0.00076624929275,8,1535,2211,0.0566,0.1189,7092,40,0.00076624929275,8,1535,2211,0.0566,0.1189,7092,40,0.00076637510039,8,1535,2211,0.0566,0.119,7092,40
2016,John Kasich,C00581876,0,NA,0,,0.001125638,,,,,,,,,,,,,,,0.001125638,17,2331,4131,0.0421,0.0961,8453,109,2016,r,John Kasich,C00581876,NA,NA,0,0.00109638855757,20,2331,4272,0.0507,0.1126,8163,109,0.00109638855757,20,2331,4272,0.0507,0.1126,8163,109,0.0010973791525,20,2331,4269,0.0506,0.1122,8204,111
2016,George Pataki,C00578245,0,NA,0,,0.000126049,,,,,,,,,,,,,,,0.000126049,3,210,358,0.0202,0.1114,3391,20,2016,r,George Pataki,C00578245,NA,NA,0,0.000126055291613,3,210,360,0.0322,0.1551,7092,40,0.000126055291613,3,210,360,0.0322,0.1551,7092,40,0.000126077483302,3,210,360,0.0322,0.1551,7092,40
2016,Rand Paul,C00495820,0,NA,0,,6.14E-06,,,,,,,,,,,,,,,6.14E-06,2,0,293,0.0358,0.0087,5929,36,2016,r,Rand Paul,C00495820,NA,NA,0,5.44637910164e-06,2,0,293,0.0338,0.0076,2375,6,5.44637910164e-06,2,0,293,0.0338,0.0076,2375,6,5.44725426183e-06,2,0,293,0.0338,0.0076,2375,6
2016,Marco Rubio,C00458844,0,NA,0,,0.003843271,,,,,,,,,,,,,,,0.003843271,89,8700,23857,0.0157,0.0658,8491,35,2016,r,Marco Rubio,C00458844,NA,NA,0,0.00383616083009,84,8700,22380,0.0204,0.0779,9863,42,0.00383616083009,84,8700,22380,0.0204,0.0779,9863,42,0.00383741961142,84,8700,22379,0.0204,0.0778,10014,44
2016,Rick Santorum,C00578492,0,NA,0,,0.000218881,,,,,,,,,,,,,,,0.000218881,0,509,509,0.0006,0,3326,32,2016,r,Rick Santorum,C00578492,NA,NA,0,0.000247743658329,1,509,654,0.0313,0.1618,7092,40,0.000247743658329,1,509,654,0.0313,0.1618,7092,40,0.000247784482913,1,509,654,0.0313,0.1619,7092,40
2016,Donald Trump,C00580100,0,NA,0,,0.000758211,,,,,,,,,,,,,,,0.000758211,7,1550,2229,0.051,0.1112,3426,12,2016,r,Donald Trump,C00580100,NA,NA,0,0.000769099353502,11,1550,2456,0.0574,0.1338,1724,7,0.000769099353502,11,1550,2456,0.0574,0.1338,1724,7,0.000769600972587,11,1550,2454,0.0573,0.1333,1724,7
